{
  "token_acc":1.0,
  "token_p":1.0,
  "token_r":1.0,
  "token_f":1.0,
  "ents_p":0.7759412305,
  "ents_r":0.7246998285,
  "ents_f":0.7494456763,
  "ents_per_type":{
    "GENEORGENEPRODUCT":{
      "p":0.7596899225,
      "r":0.6723842196,
      "f":0.7133757962
    },
    "DISEASEORPHENOTYPICFEATURE":{
      "p":0.753440367,
      "r":0.7180327869,
      "f":0.7353105764
    },
    "ORGANISMTAXON":{
      "p":0.9742930591,
      "r":0.9643765903,
      "f":0.9693094629
    },
    "CHEMICALENTITY":{
      "p":0.7541666667,
      "r":0.7337837838,
      "f":0.7438356164
    },
    "SEQUENCEVARIANT":{
      "p":0.7969543147,
      "r":0.6709401709,
      "f":0.7285382831
    },
    "CELLLINE":{
      "p":0.2631578947,
      "r":0.3,
      "f":0.2803738318
    }
  },
  "speed":9876.239447993
}